,Unnamed: 0,title,like_count,tag,url,view_count
0,0,ìš”ì²­!_ì•„ì´ ìš¸ìŒ ëš ê·¸ì¹˜ëŠ” ì†Œë¦¬ 1ì‹œê°„ë²„ì „(Sound baby stop crying *1hour ver.*) ìš¸ìŒì†Œë¦¬ë³´ë‹¤ í¬ê²Œ íŠ¸ì„¸ìš” :),3785,Negative,https://www.youtube.com/watch?v=itxHiMlWeBU,665425
1,1,[ì•„ê¸°ì¬ìš°ê¸°] ìš°ëŠ”ì•„ê¸° 5ë¶„ë„ ëª»ë²„í‹°ê³   ì ë“¤ê²Œí•˜ëŠ” ë”¥ìŠ¬ë¦½ ASMR,7186,Negative,https://www.youtube.com/watch?v=9d-Vf4a1y3c,2226066
3,3,"5ë¶„ë§Œì— ê¿ˆë‚˜ë¼ ì§í–‰â”‚ì‰¬~ì†Œë¦¬+ë¹—ì†Œë¦¬+ë¬¼ì†Œë¦¬â”‚ìˆ˜ë©´êµìœ¡ ë°±ìƒ‰ì†ŒìŒ â”‚10ì‹œê°„ ì—°ì†ì¬ìƒ, ê´‘ê³ ì—†ìŒâ”‚whitenoise, shhh~",50307,Neutral,https://www.youtube.com/watch?v=-X_rCJFIx38,31424793
4,4,ìì¥ê°€(lullaby) ë¸ŒëŒìŠ¤( Brahms)ì•„ê¸°ìˆ˜ë©´ìŒì•… â™«ì˜¤ë¥´ê³¨ (Orgel) â™« ìˆ˜ë©´ìŒì•…â™«ê³µë¶€ìŒì•…â™«SleepingMusicâ™«Lullabies  For Babies,272395,Neutral,https://www.youtube.com/watch?v=OzhsoSo-4dU,106087795
5,5,"ìš°ëŠ”ì•„ê¸° ë‹¬ë˜ê¸° ìŒì•…ê³¼ì‹ ê¸°í•œ   ì†Œë¦¬ë“¤!-1 â€“ìš°ëŠ” ì•„ê¸° ê·¸ì¹˜ê²Œ í•˜ê¸° .# ì•„ê¸°ìš¸ìŒ 10ì´ˆì•ˆì— ê·¸ì¹˜ëŠ” ìŒì•…,ì†Œë¦¬-60ë¶„",1234,Negative,https://www.youtube.com/watch?v=ZGW6cfepN-8,217643
6,6,"[ì¤‘ê°„ê´‘ê³ X] Hair Dryer 10hrs ë“œë¼ì´ê¸°ì†Œë¦¬, 10ì‹œê°„, ì•„ê¸°ì¬ìš°ê¸°, ì‹ ìƒì•„ ìì¥ê°€ ë°±ìƒ‰ì†ŒìŒ, ìˆ˜ë©´êµìœ¡",5147,Neutral,https://www.youtube.com/watch?v=w8cNuCG5eXA,2609536
7,7,ë½€ë¡œë¡œ ìì¥ê°€ | 1ì‹œê°„ ì´ì–´ë“£ê¸° | ì ìë¦¬ ë™ìš” | ìš°ë¦¬ ì•„ì´ ê¿€ì ìëŠ” ìˆ˜ë©´ ìŒì•…,37751,Negative,https://www.youtube.com/watch?v=875Gl5vFEek,14542169
9,9,ì–´ë¦°ì´ì§‘ ìì¥ê°€ 1ìœ„ ìŒì•… ì•„ì´ë“¤ì´ ì¢‹ì•„í•˜ëŠ” ìˆ˜ë©´ ì·¨ì¹¨ ìŒì•… ê¿€ì  ìëŠ” ë§ˆì•½ê°™ì€ ë®¤ì§ì…ë‹ˆë‹¤. ë¸ŒëŒìŠ¤ìì¥ê°€,2433,Positive,https://www.youtube.com/watch?v=c5GROl0D3Wc,766007
10,10,[200ë§Œë·°] ìš°ë¦¬ ì•„ì´ ğŸ§‘â€ğŸ“ ë‘ë‡Œë°œë‹¬ì— ì¢‹ì€ ëª¨ì°¨ë¥´íŠ¸ ìŒì•…ë“¤ ï½œë‘ë‡Œë°œë‹¬ï½œê°ì„±ë°œë‹¬ï½œì–´ë¦°ì´ì§‘ï½œì‹ ë‚˜ëŠ” í´ë˜ì‹ï½œì•„ê¸° ê°ì„±ì§€ìˆ˜ ë†’ì´ê¸°ï½œì•„ì´ í´ë˜ì‹,15452,Neutral,https://www.youtube.com/watch?v=YRg0w_5SCdM,3964729
11,11,"ì‹ ìƒì•„ ë°±ìƒ‰ì†ŒìŒ ìì¥ê°€, ì—„ë§ˆ ìê¶ ë±ƒì† ì†Œë¦¬  ì™„ë²½ì¬í˜„ , ì‹¬ì¥ë°•ë™ + ì‰¬~ì†Œë¦¬ ë°±ìƒ‰ì†ŒìŒ (10ì‹œê°„ì—°ì†ë“£ê¸°) ,Womb Sound with Shhh by íë§ë©”ì´íŠ¸",17417,Negative,https://www.youtube.com/watch?v=-ZXkx6CUVX8,5870583
12,12,1ì‹œê°„ğŸ¹ | ì„¬ì§‘ ì•„ê¸° | ìì¥ê°€ | DONNI(ì´ë„ë‹ˆ) Cover ì—„ë§ˆê°€ ë¶ˆëŸ¬ì£¼ë˜ ë…¸ë˜,7118,Negative,https://www.youtube.com/watch?v=K7dvfW2XVeU,2055052
15,15,"í•˜ë“œë¡ - [Playlist] #12 / Hard Rock / ë½ë©”íƒˆ, í•˜ë“œë¡ ë¹ ë¥¸ ë¹„íŠ¸ ì—°ì£¼ / ìš°ëŠ” ì•„ê¸° ìì¥ê°€, ìš´ë™, ìŠ¤íŠ¸ë ˆìŠ¤ í•´ì†Œ, ë“œë¼ì´ë¸Œì— ë“£ê¸° ì¢‹ì€ ìŒì•… / ë®¤ì§ì›”ë“œ",469,Negative,https://www.youtube.com/watch?v=R7ULXQL_4zg,61948
16,16,"#ì•„ê¸°ìì¥ê°€ ğŸŒŸ ë™ìš” ver. ì‘ì€ ì„¸ìƒ, ì‘ì€ ë³„, ê³ í–¥ì˜ ë´„ | ì˜¤ë¥´ê³¨ + í’€ë²Œë ˆ ì†Œë¦¬ | 10ì‹œê°„ | í™”ë©´ êº¼ì§",3205,Negative,https://www.youtube.com/watch?v=HvbQM_Pd1e0,1477839
17,17,ìš¸ìŒëš ë°”ë¡œê¿€ì  I ë¹—ì†Œë¦¬ ì‰¬ì†Œë¦¬ I ìˆ˜ë©´ë°±ìƒ‰ì†ŒìŒ I 10ì‹œê°„ì—°ì†,1465,Negative,https://www.youtube.com/watch?v=81uRa54kEA4,548530
18,18,"ASMR, ì•„ê¸°ìš¸ìŒ ëš ê·¸ì¹˜ëŠ” ë“œë¼ì´ê¸°ì†Œë¦¬, 1ì‹œê°„, hair drier for baby,ralexation,1hour",2186,Negative,https://www.youtube.com/watch?v=OKee9K2qvI8,756762
19,19,ìì¥ê°€ ë¸ŒëŒìŠ¤ ì•„ê¸°ìˆ˜ë©´ìŒì•… â™« ìì¥ê°€ ì˜¤ë¥´ê³¨ ì–´ë¦°ì´ â™« ìˆ˜ë©´ìŒì•… ì—°ì†ë“£ê¸° â™« ì•„ê¸°ìì¥ê°€ë…¸ë˜ â™« ìœ ì•„ìì¥ê°€ ìˆ˜ë©´ìœ ë„ìŒì•…,116390,Neutral,https://www.youtube.com/watch?v=du17m1rk-48,42390489
21,21,"ê´‘ê³ ì—†ëŠ” ì•„ê¸°, ì‹ ìƒì•„ ë°±ìƒ‰ì†ŒìŒ, ì•„ê¸° ìš¸ìŒ ëš! 5ì´ˆ í›„ ë¸”ë™í™”ë©´,  ìˆ˜ë©´ìœ ë„,  ë¹—ì†Œë¦¬ ASMR [ì—„ë§ˆ,ì•„ë¹  í˜ ë¹¼ì§€ë§ˆì„¸ìš”]",275,Negative,https://www.youtube.com/watch?v=g8eTqyOLxRE,124041
23,23,"ì•„ê¸°ìš¸ìŒ ëš ê·¸ì¹˜ëŠ”ì†Œë¦¬, ì•„ê¸°ë“¤ì´ ì˜ë³´ëŠ” ë™ë¬¼ì†Œë¦¬ëª¨ìŒ,",443,Negative,https://www.youtube.com/watch?v=CA3U0oaQMVw,82548
24,24,"(ì¤‘ê°„ê´‘ê³ x) 8ì‹œê°„ ì¬ìƒ ì‹ ìƒì•„ ë¸íƒ€íŒŒâ¤ (4íƒ€ì…) ì•„ê¸° ì¬ìš°ëŠ” ìŒì•…â”‚ìˆ˜ë©´ìŒì•…, ìì—°ì†Œë¦¬, ë°±ìƒ‰ì†ŒìŒ, ë¹—ì†Œë¦¬,ì ì˜¤ëŠ” ì†Œë¦¬,  ë¶ˆë©´ì¦ ì¹˜ë£Œ, ì asmr, ê¹Šì€ìˆ˜ë©´ ìŒì•…",8462,Negative,https://www.youtube.com/watch?v=aL2EwBDPhmg,1872644
25,25,ë¹—ì†Œë¦¬ ë¹„ì†Œë¦¬ ìš¸ìŒë‹¬ë˜ê¸°  whitenoise rain sound with Shhh,648,Negative,https://www.youtube.com/watch?v=5CYvci7RR_U,301758
28,28,ğŸ…ë™ìš”ì—°ì†ë“£ê¸°ğŸ… ìµœì‹ !!ì¸ê¸°ë™ìš” ëª¨ìŒ | 120ë¶„ ì—°ì†ì¬ìƒ | ë™ë¬¼ë™ìš” | ê´‘ê³ ì—†ëŠ” | ë˜‘ë˜‘í‚¤ì¦ˆ | ìœ ì¹˜ì›ë™ìš” | ì–´ë¦°ì´ë™ìš”ã…£Educational Songs for Children,21855,Neutral,https://www.youtube.com/watch?v=LXkET__T_2M,6567059
34,34,ë‚´ê°€ ë¨¼ì €ì•¼ ğŸ’¢ | ìƒí™œìŠµê´€ í¸ | 27ë¶„ ë™ìš”ëª¨ìŒ | í‚¤í‚¤ë¬˜ë¬˜ | ì–´ë¦°ì´ì˜ ë°”ë¥¸ìƒí™œ | êµìœ¡ë™ìš” ëª¨ìŒì§‘ | ì•ˆì „êµìœ¡ | ë…¸ë˜ | ë² ì´ë¹„ë²„ìŠ¤ ì¸ê¸°ë™ìš” ë™í™” | BabyBus,4309,Neutral,https://www.youtube.com/watch?v=A9yuKvHaTJc,2349495
35,35,ëª¨ì°¨ë¥´íŠ¸ ë² ìŠ¤íŠ¸ 100ë¶„ ì—°ì† (ë¬´ê´‘ê³ ) ì§‘ì¤‘ë ¥ì„ ë†’ì´ëŠ” ìŒì•…ğŸMozart BEST 100 minute Relaxation Music ì§‘ì¤‘ë ¥ì„ ë†’ì—¬ì£¼ëŠ” í´ë˜ì‹ è«æ‰ ãƒ¢ãƒ¼ãƒ„ã‚¢ãƒ«ãƒˆåæ›²,19332,Negative,https://www.youtube.com/watch?v=FtF_-zrFuHA,3159067
36,36,ì²«ê³¡ë¶€í„° ê°€ìŠ´ ì ì‹œëŠ” ë™í™”ê°ì„± ëª…ê³¡ í´ë˜ì‹ í”¼ì•„ë…¸ ëª¨ìŒ | ëª¨ë‘ì˜ í´ë˜ì‹ | ë‚¨ë…€ë…¸ì†Œ | ìŠ¤í† ë¦¬ í´ë˜ì‹ | ì„ í•œì˜í–¥ë ¥,18429,Neutral,https://www.youtube.com/watch?v=38lqI1HxSlg,2343971
37,37,[ë¬´ê´‘ê³ ]ëª¨ì°¨ë¥´íŠ¸ 4ì‹œê°„ ì—°ì† ì¬ìƒ / íƒœêµ ìŒì•… / ì•„ê¸° í´ë˜ì‹ / ì•„ê¸° ë‘ë‡Œ ê°œë°œ,435,Positive,https://www.youtube.com/watch?v=18VWLLPu9TY,80241
38,38,ì‹ ìƒì•„ ìŒì•…ì€ ì§€ëŠ¥ì„ í–¥ìƒì‹œí‚µë‹ˆë‹¤ â™«â™«â™« 2021 ë…„ ì„ì‹ ê³¼ íƒœì•„ë¥¼ìœ„í•œ ìŒì•… ì„ íƒ,9331,Positive,https://www.youtube.com/watch?v=69O1ynXwE_k,2112747
40,40,Relaxing Music For Children - Be Calm and Focused (cute animals) | 3 Hours Extended Mix,31728,Negative,https://www.youtube.com/watch?v=XgxRHa26JLo,21150384
41,41,2 Hours Super Relaxing Baby Music â™¥â™¥â™¥ Bedtime Lullaby For Sweet Dreams â™«â™«â™« Sleep Music,1716583,Negative,https://www.youtube.com/watch?v=W-vBu2rf8TI,526705736
42,42,12 Hours of Relaxing Baby Music: Still Dreaming | Piano Music for Kids and Babies,427,Negative,https://www.youtube.com/watch?v=9clu5Xyn5HI,420644
43,43,Bedtime Lullabies and Calming Undersea Animation: Baby Lullaby,381198,Negative,https://www.youtube.com/watch?v=LdQJw5S4nAQ,184408116
44,44,NO ADS | Twinkle Twinkle Little Star! | Calming Sensory Animation | Baby Songs â€“ Fall Asleep ğŸŒ™âœ¨,74555,Negative,https://www.youtube.com/watch?v=397BfQXRfRM,39045905
45,45,"2 Hours Underwater Relaxing Music -Satisfying Sensory Sleep Music - Stress Relief Music, Meditation",8577,Negative,https://www.youtube.com/watch?v=NBTTw9bNPJw,4907926
46,46,12 Hours of Relaxing Baby Sleep Music: Playground Adventures | Calm Piano Music for Kids and Babies,440,Negative,https://www.youtube.com/watch?v=HHJSxba1qo8,327045
47,47,Calming & Relaxing Music for Children | Dreamy Field ğŸ¦ Soft Piano Music for Kids (Extended 3 Hours),3645,Negative,https://www.youtube.com/watch?v=yIiCpo_c_iQ,2621092
48,48,Classical Piano for Babies Vol.1 - Relaxing & Calming Music - Baby Lullabies,21714,Negative,https://www.youtube.com/watch?v=WY33HRZ7loo,4035104
49,49,10 Hours Super Relaxing Baby Music - Ambient Sleep Music - Bedtime Lullaby For Sweet Dreams,3936,Negative,https://www.youtube.com/watch?v=PHKbqo0PhII,2293121
50,50,Relaxing Baby Sleep Music: Firefly Beetles | 12 Hours of Piano Music for Kids | Soft Sleeping Music,576,Negative,https://www.youtube.com/watch?v=DJq2pCTR86c,272077
51,51,"Brahms Lullaby for Babies, Hours of Soft Music",86622,Neutral,https://www.youtube.com/watch?v=8XChl7D6-es,19689392
52,52,Relaxing Baby Sleep Music: Colors of the Ocean ğŸ™ 12 Hours of Piano Music for Kids,351,Negative,https://www.youtube.com/watch?v=vcHBRbGXu6g,239142
53,53,TWO HOURS of gentle lullabies for babies - Baby Sleep Music,341404,Neutral,https://www.youtube.com/watch?v=Wm15rvkifPc,146495071
54,54,"Baby Sleep Music, Lullaby for Babies To Go To Sleep #067 Mozart for Babies Intelligence Stimulation",43080,Neutral,https://www.youtube.com/watch?v=FoQ2O8DY3vw,28719523
55,55,"Relaxing Baby Music with Underwater Sounds â™¥ Bedtime Lullaby, Piano Music â™« Baby Sleep Music",19339,Negative,https://www.youtube.com/watch?v=K56niJKkrWc,7046726
56,56,Row Row Row your Boat! - Baby Sensory â€“ Calming Bedtime Songs for Babies â€“ 1 HOUR!,7617,Negative,https://www.youtube.com/watch?v=H2jjppNAyZo,2687511
57,57,PUT THIS SONG ON AND WATCH YOUR BABY FALL ASLEEP IN 3 MINUTES! Lullaby for Toddlers to go to Sleep,2511,Negative,https://www.youtube.com/watch?v=51UBHlSNiAA,637994
58,58,Best Relaxing Lullabies For Babies â™«â™« Put Your Kids To Sleep With Mozart And Brahms,54447,Negative,https://www.youtube.com/watch?v=iqEkOLiTpwE,12573934
59,59,"relaxing sleep music for babies with Waterfall sounds, Nature Sounds",6386,Negative,https://www.youtube.com/watch?v=XPrUdQNPD60,2378095
60,60,Relaxing Music for Kids: You Are My Sunshine ğŸŒ 12 Hours of Sleeping Video for Babies | Dreamy Video,218,Negative,https://www.youtube.com/watch?v=5dE_mHNl2oM,151457
61,61,Twinkle Twinkle Little Star! - Calming Sensory Animation - Baby Songs â€“ Infant Visual StimulationğŸŒ™âœ¨,35980,Negative,https://www.youtube.com/watch?v=P2tBXs4VAAc,12823628
62,62,SOOTHING MUSIC FOR BABIES TO SLEEP - Relaxing Instrumental Lullaby for Hiperactive Kids,2176,Negative,https://www.youtube.com/watch?v=LuVHfI-o39M,1732630
63,63,Baby will stop crying instantly when listen this.,265,Positive,https://www.youtube.com/watch?v=crTCGKSq6N4,31406
64,64,Baby Sensory - Bedtime Lullaby - Infant visual stimulation,27440,Negative,https://www.youtube.com/watch?v=dynF31X9WfY,10591276
65,65,Colicky Baby Sleeps To This Magic Sound | White Noise 10 Hours | Soothe crying infant,558918,Negative,https://www.youtube.com/watch?v=oewj_XEM1js,280573000
66,66,Shhh Sound & White Noise ğŸŒ› to Put a Baby to Sleep the whole night ğŸ’¤ Hushing Baby,32757,Negative,https://www.youtube.com/watch?v=FEFzYY8bmw0,12229754
68,68,Baby Sensory Caterpillar's Garden. High Contrast Eye Tracking for Babies,11947,Neutral,https://www.youtube.com/watch?v=0fEehBLSGvQ,5523919
69,69,Baby Sleep Music - Calming - Lullaby for Babies Relaxing,12479,Negative,https://www.youtube.com/watch?v=ohr4bhH5bYA,2732425
70,70,"baby sleep music â™¥ With Waterfall sounds, Nature sounds - Mozart Effect for Babies",13344,Neutral,https://www.youtube.com/watch?v=PWjzJza94JQ,2908095
72,72,Rock-a-bye Baby lullaby ğŸ’¤ Bedtimes songs and nursery rhymes - HeyKids,27771,Neutral,https://www.youtube.com/watch?v=u9L6e_fkxW4,11049637
73,73,Baby Cry Song | Nursery Rhymes & Kids Songs | Baby Ronnie Rhymes | Cartoon Animation,49053,Negative,https://www.youtube.com/watch?v=vMzPlHgBcDs,18626496
74,74,Colic Relief for Baby | Calm Crying Infant with White Noise Sound | 10 Hours,5562,Negative,https://www.youtube.com/watch?v=du_zD78B04Q,2015380
76,76,BABIES FALL ASLEEP AFTER LISTENING TO THIS SONG FOR 3 MINUTES - Super Soothing Baby Sleep Music,8064,Negative,https://www.youtube.com/watch?v=WvlvFIAerPo,2107066
77,77,Baby Sensory - Dancing Shapes - Fun High Contrast Animation (stop crying baby),4104,Negative,https://www.youtube.com/watch?v=V_7D4K7egY8,2232963
78,78,ğŸ…ë™ìš”ì—°ì†ë“£ê¸°ğŸ¥¦ ìµœì‹ ! ì¸ê¸°ë™ìš” ëª¨ìŒ | 120ë¶„ ì—°ì†ì¬ìƒ | ë™ë¬¼ë™ìš” | ê´‘ê³ ì—†ëŠ” | ë˜‘ë˜‘í‚¤ì¦ˆ | ìœ ì¹˜ì›ë™ìš” | ì–´ë¦°ì´ë™ìš”ã…£Educational Songs for Children,6480,Neutral,https://www.youtube.com/watch?v=VUiK51cZrMM,1706767
79,79,ì°¨ì—ì„œ ë“£ê¸° ì¢‹ì€ ë™ìš” ëª¨ìŒì§‘ (30ë¶„) | ë½€ë¡œë¡œ ë™ìš” ì—°ì† ë“£ê¸° | ë½€ë¡œë¡œ ì¸ê¸° ë™ìš” BEST ëª¨ìŒ | ë½€ë¡œë¡œì™€ë…¸ë˜í•´ìš”,19394,Negative,https://www.youtube.com/watch?v=DK0c-Ka4AyM,6115468
80,80,ì•„ì´ê°€ ì¢‹ì•„í•˜ëŠ” ë™ìš”ëª¨ìŒ. 2ì‹œê°„ 20ë¶„(ê²€ì€ ë°°ê²½),2320,Positive,https://www.youtube.com/watch?v=NV0AXEHbgtM,1032277
82,82,ìœ ì•„ ê°ì„± ë°œë‹¬ ğŸ‘¶ğŸ» í–‰ë³µí•˜ê³  ì¦ê±°ìš´ ë†€ì´ìŒì•… ğŸ’› ì‹ ë‚˜ëŠ” í”¼ì•„ë…¸ ë™ìš” ëª¨ìŒ,401,Positive,https://www.youtube.com/watch?v=BFZ6gB0YyB0,103707
83,83,Itsy bitsy spider | Pororo Nursery Rhymes | Kids Songs | Pororo the Little Penguin,18176,Negative,https://www.youtube.com/watch?v=5F7kM2_0rj0,8470159
84,84,"41ê³¡ | Muffin Man, Bingo, Humpty Dumpty, Hokey Pokey ë“± ì„¸ê³„ ìœ ëª… ì¸ê¸°ë™ìš” | ë¦¬í‹€íŒìŠ¤ ì˜ì–´ë™ìš” | ë„ˆì„œë¦¬ ë¼ì„",14508,Positive,https://www.youtube.com/watch?v=nN9w4TGjDVk,4017577
85,85,(ê°€ì‚¬ìˆëŠ”) ì´ˆë“± êµê³¼ì„œ ìˆ˜ë¡ ì¸ê¸° ë™ìš” 3/3,778,Neutral,https://www.youtube.com/watch?v=ynDb0X_UZIk,118547
86,86,í•‘ê³¼íì˜ ì¸ê¸°ë™ìš” Best! â™¥ì¸ê¸°ë™ìš” ì—°ì†ë“£ê¸°â™¥,11884,Positive,https://www.youtube.com/watch?v=g2YwxJW-MsU,3968215
87,87,"ì—„ë§ˆ ìœ¡í‡´í•˜ê²Œ í•´ì£¼ëŠ” ë² ìŠ¤íŠ¸ ì•„ê¸°ë™ìš” ëª¨ìŒì§‘ 80ë¶„ â™ª | ì‚°í† ë¼, ì•…ì–´ë–¼ + ìœ¨ë™ë™ìš” ë¬¶ìŒ | ì¸ê¸°ë™ìš” ì—°ì†ë“£ê¸° â˜… ì§€ë‹ˆí‚¤ì¦ˆ",14930,Neutral,https://www.youtube.com/watch?v=uJux6IxXRu4,3837179
88,88,[ë½€ë¡œë¡œ ì˜ì–´ë™ìš”] 100ë¶„ ì—°ì†ë“£ê¸° | ì†ê°€ë½ ê°€ì¡± | ë°˜ì§ë°˜ì§ ì‘ì€ ë³„ | ì–´ë¦°ì´ ë™ìš” | ì¸ê¸°ë™ìš” | ë½€ë¡±ë½€ë¡± ë½€ë¡œë¡œ,30913,Negative,https://www.youtube.com/watch?v=RJUXiXjNZzM,14558142
89,89,íë§ ë™ìš” í”¼ì•„ë…¸ ì—°ì£¼ìŒì•… ëª¨ìŒ 1 I ê°ë¯¸ë¡œìš´ ê°ì„± í”¼ì•„ë…¸ ì—°ì£¼ê³¡,2416,Neutral,https://www.youtube.com/watch?v=kFeHi1-LkIk,645283
91,91,ì‹ ë‚˜ëŠ” ë™ìš” í”¼ì•„ë…¸ ì—°ì£¼ê³¡ ëª¨ìŒ1_ì§€ì¹˜ê³  ìš°ìš¸í•  ë•Œ/íë§ì´ í•„ìš”í•  ë•Œ,1094,Neutral,https://www.youtube.com/watch?v=gxMIbTQ_k04,219888
93,93,ë½€ë¡œë¡œ ë…¸ë˜ | ë°”ë¼ë°¤ ì™¸ 120ë¶„ | ë‘ ì‹œê°„ ë™ìš” | ë½€ë¡œë¡œ ì¸ê¸°ë™ìš” ì—°ì†ë³´ê¸°,14983,Positive,https://www.youtube.com/watch?v=LWBy60svU0o,5883067
94,94,ì–´ë¦°ì´ë‚  íŠ¹ì§‘ğŸ¥°ğŸˆ | í†°í† ë¯¸ ì¸ê¸° ë™ìš” ëª¨ìŒ | ë™ìš” ì—°ì†ë“£ê¸° | 55ë¶„ ì—°ì†ì¬ìƒ | ë™ìš” ì´ì–´ë“£ê¸° | í†°í† ë¯¸ (TOMTOMI),3110,Positive,https://www.youtube.com/watch?v=Lf2IgBAzJBg,1056796
95,95,ğŸ®ë™ìš”ì—°ì†ë“£ê¸°ğŸ´ ì¸ê¸°ë™ìš”ëª¨ìŒ | 120ë¶„ ì—°ì†ì¬ìƒ | ë™ë¬¼ë™ìš” | ê´‘ê³ ì—†ëŠ” | ë˜‘ë˜‘í‚¤ì¦ˆ | ìœ ì¹˜ì›ë™ìš” | ì–´ë¦°ì´ë™ìš”ã…£ìœ¨ë™ë™ìš”ã…£Educational Songs for Children,4661,Neutral,https://www.youtube.com/watch?v=b-LiFRaH4mA,1311185
96,96,ì•„ì´ë“¤ ì¸ê¸° ìµœê³  ë™ë¬¼ë™ìš” 37ë¶„ ëª¨ìŒì§‘ â™ª | ì–´ë¦°ì´ ìœ¨ë™ë™ìš” ëª¨ìŒ | ì¸ê¸°ë™ìš” ì—°ì†ë“£ê¸°â˜…ì§€ë‹ˆí‚¤ì¦ˆ,18316,Positive,https://www.youtube.com/watch?v=mPU_I3L-9R8,5608022
98,98,Nursery Rhymes for Kids | Songs Compilation - Itsy Bitsy Spider + More Children Songs,99504,Positive,https://www.youtube.com/watch?v=5gZOYKHXwyQ,49552928
101,101,Train Choo Choo Song | Newborn Baby Songs & Nursery Rhymes,392768,Positive,https://www.youtube.com/watch?v=kWeBeop7gW0,130780052
104,104,38 SONGS FOR CHILDREN | Compilation | Nursery Rhymes TV | English Songs For Kids,18008,Positive,https://www.youtube.com/watch?v=ohNSaUqZFiU,6859987
112,112,"Baby Dance Song Collection | Eli Kids Songs, Nursery Rhymes, Dances, Cartoons",90183,Positive,https://www.youtube.com/watch?v=UOjMaXt89kU,23728131
113,113,Wheels on the Bus | @CoComelon Nursery Rhymes & Kids Songs | Best Cars & Truck Videos for Kids,1710911,Positive,https://www.youtube.com/watch?v=mxzqCcoKKhM,523415898
114,114,Happy Relaxing Guitar Music For Children,54880,Positive,https://www.youtube.com/watch?v=pd4j9osCNT4,25029164
115,115,Old MacdDonald Had A Farm + More Kidsberry Nursery Rhymes & Baby Songs,62905,Negative,https://www.youtube.com/watch?v=6FVLPV4HmBo,17382755
116,116,"Color Balls & Sing a Song! | Wheels On the Bus, Ten in the Bed | Baby Nursery Rhymes & Kids Songs",147007,Positive,https://www.youtube.com/watch?v=68pnAMQSj4Y,81037075
118,118,ì•„ê¸°ë¥¼ ìœ„í•œ ëª¨ì°¨ë¥´íŠ¸ - ì§€ëŠ¥ì˜ ìê·¹ - ìì¥ê°€ #57,1703,Neutral,https://www.youtube.com/watch?v=zOdDDVg_RhE,603716
120,120,[ìì¥ê°€í´ë˜ì‹ëª¨ìŒ 1ì‹œê°„ì—°ì†] í”¼ì•„ë…¸ ìì¥ê°€ ìŠˆë² ë¥´íŠ¸ ëª¨ì§œë¥´íŠ¸ ìì¥ê°€ í’€ë²Œë ˆì†Œë¦¬ ë°”ëŒì†Œë¦¬ â™¬ìˆ™ë©´ìœ ë„â™¬ìˆ˜ë©´ìŒì•… ì—°ì†ë“£ê¸° â™« ìì¥ê°€ë…¸ë˜ â™« ìˆ˜ë©´ìœ ë„ìŒì•…,20676,Neutral,https://www.youtube.com/watch?v=LmxBwGqCn2g,6269776
125,125,Music for Babies â˜€ï¸ Easy Morning â˜€ï¸ Lullabies for your baby,5497,Positive,https://www.youtube.com/watch?v=ZXN6ZvZ8Nrk,777655
126,126,5 Little Ducks song | Newborn Baby Songs & Nursery Rhymes,294425,Negative,https://www.youtube.com/watch?v=izfUsHZw9bs,122396693
127,127,Happy music for a happy soul â˜€ï¸Swinging Morning â˜€ï¸Baby Songs,1850,Positive,https://www.youtube.com/watch?v=m4x6MwW5Yzo,349282
128,128,"Baby Classical Music ğŸŒ Mozart, Schubert & Chopin ğŸŒ Piano Songs for Babies",45087,Positive,https://www.youtube.com/watch?v=faFwpo6sO7I,9410112
129,129,Classical Music â˜€ï¸ MOZART FOR BABIES â˜€ï¸ Happy Piano Music in a Sunny Day,1805,Positive,https://www.youtube.com/watch?v=7UxPLjp4nPk,667056
130,130,60 Mins Happy Music for Playtime - Baby Playtime Music,946,Positive,https://www.youtube.com/watch?v=-Z6bByI6VDg,159560
131,131,Nursery Rhymes for Babies | If You Are Happy + More Kids Songs | Twinkle Little Songs,4695,Positive,https://www.youtube.com/watch?v=8fOOYjUIb1g,1729702
132,132,If You Are Happy + More Nursery Rhymes & Baby Songs - Kidsberry,27403,Positive,https://www.youtube.com/watch?v=Xjzzu4ZwCe8,11298313
133,133,Happy Instrumental Jazz for Kids in the Classroom - Baby Jazz - Happy Music for Happy Babies -,1915,Positive,https://www.youtube.com/watch?v=JIoEScoxe6s,474796
134,134,Classical Piano Music for Babies â¤ï¸Baby Mozart â¤ï¸Happy Songs,14703,Positive,https://www.youtube.com/watch?v=fiooocFprjg,3522709
135,135,Happy Baby Song + More Nursery Rhymes & Kids Songs,7727,Positive,https://www.youtube.com/watch?v=IV6soTlXvvc,835599
136,136,â¤ Baby Classical Â· 5 hours Â· Piano Music For Babies Â· Baby Mozart,15202,Positive,https://www.youtube.com/watch?v=udThrlwrTZk,4089484
137,137,Sleeping and relaxing Lullabies - Baby Jazz - Happy Music for Happy Babies,857,Positive,https://www.youtube.com/watch?v=181K5vmca_I,256713
138,138,"Baby Music - 7 Hours of Music - Mozart, Beethoven and Schubert",3396,Negative,https://www.youtube.com/watch?v=YhulYb0suyQ,789002
140,140,If you're happy and you know it | Eli Kids Song & Nursery Rhymes Compilations,686803,Positive,https://www.youtube.com/watch?v=aN_EvIKPxrE,138967017
141,141,Happy music for happyÂ Babies - Jazz Lullabies,1222,Positive,https://www.youtube.com/watch?v=OLJeUd1an5I,266474
143,143,[â­ï¸1ì‹œê°„ ]  ì°¨ì—ì„œ ë“£ëŠ” ì¸ê¸° ì•„ê¸°ë™ìš” ëª¨ìŒ | ì‹ ë‚˜ëŠ” ë™ìš” ë”°ë¼ë¶ˆëŸ¬ìš” | ì‘ê°€ë™ìš” ë°©ê·€ë™ìš” ìƒì–´ë™ìš” | ì¸ê¸°ë™ìš” ì—°ì†ë“£ê¸° â˜… í‹°ë””í‚¤ì¦ˆ,23106,Positive,https://www.youtube.com/watch?v=vVX_3XZ1h8I,8781098
144,144,"ì•„ê¸°ë¥¼ìœ„í•œ ìŒì•… - ìì—°ì˜ ì†Œë¦¬ì™€ í•¨ê»˜ | ë‘ë‡Œë°œë‹¬ì— ì¢‹ì€ ìŒì•… | í´ë˜ì‹ìŒì•… | ì•ˆì‹¬í•˜ì‹­ì‹œì˜¤, ëª…ìƒê³¼ ìˆ˜ë©´ì„ìœ„í•œ ìŒì•…, ëˆˆ ê°ê³  í‰í™”ë¥¼ ëŠê»´ë³´ì„¸ìš”, ì§„ì •í•´, ë˜í•œ ê³µë¶€, ì§‘ì¤‘",1473,Negative,https://www.youtube.com/watch?v=k5s6SYeIT7U,289149
145,145,âš¡ë™ìš”ì—°ì†ë“£ê¸°âš¡ ìœ ì¹˜ì› ì¸ê¸° ë™ìš” | ì•„ì´ë“¤ ì‹œê°„ìˆœì‚­ğŸ˜‹ | 1ì‹œê°„ ì—°ì†ì¬ìƒ | ë˜‘ë˜‘í•œ ì—„ë§ˆë“¤ì´ ì„ íƒí•œ ë™ìš” ë² ìŠ¤íŠ¸,6476,Neutral,https://www.youtube.com/watch?v=QtauXsOZmpI,1917379
146,146,ì•„ì´ê°€ ì¢‹ì•„í•˜ëŠ” ë™ìš”ëª¨ìŒ. 2ì‹œê°„ 20ë¶„,1249,Neutral,https://www.youtube.com/watch?v=XjmNCnVumr8,478237
147,147,ì•„ì´ê°€ ì¢‹ì•„í•˜ëŠ” ì˜ì–´ë™ìš”. ê´‘ê³ ì—†ëŠ” 1ì‹œê°„ 20ë¶„,2133,Neutral,https://www.youtube.com/watch?v=_gmq--NNisc,662183
148,148,NEW ë½€ë¡œë¡œ ë™ë¬¼ ë™ìš” | ë½€ë¡œë¡œì™€ ê·€ì—¬ìš´ ë™ë¬¼ì¹œêµ¬ë“¤ | ë©ë©ë©! ì•„ê¸° ê°•ì•„ì§€ ì•¼ì˜¹ì•¼ì˜¹~ ì•„ê¸° ê³ ì–‘ì´ | ë½€ë¡œë¡œì™€ ë…¸ë˜í•´ìš”,2531,Negative,https://www.youtube.com/watch?v=MOSoO3EVPVA,1082345
149,149,Toddler Learning with Ms Rachel - Nursery Rhymes & Kids Songs - Baby Video - Milestones & Speech,117269,Positive,https://www.youtube.com/watch?v=h67AgK4EHq4,44299696
150,150,2 Hours Super Relaxing Baby Music â™¥â™¥â™¥ Bedtime Lullaby For Sweet Dreams â™«â™«â™« Sleep Music,35605,Negative,https://www.youtube.com/watch?v=mvjygyg4-3g,16079864
151,151,FOUR HOURS of Baby Songs | Wheels Go Round and Round | Little Baby Bum Nursery Rhymes | Baby TV,3672,Positive,https://www.youtube.com/watch?v=KYUX00OU_xE,2476372
152,152,NO ADS | Twinkle Twinkle Little Star! | Calming Sensory Animation | Baby Songs â€“ Fall Asleep ğŸŒ™âœ¨,4707,Negative,https://www.youtube.com/watch?v=4hFZgN2Jl4o,3205424
153,153,Twinkle Twinkle Little Star! - NO ADS | 10 Hours | Bedtime Music for Babies | Sensory Lullabies ğŸŒ™âœ¨,4528,Negative,https://www.youtube.com/watch?v=7h9yoXYCAU0,2793487
154,154,"Baby Music Class (full class) Great for babies, toddlers & preschool! Toddler Learning Video Songs",23048,Positive,https://www.youtube.com/watch?v=7K6YSmf0HdU,18268613
155,155,NO ADS | Twinkle Twinkle Little Star! | Calming Sensory Animation | Baby Songs â€“ Fall Asleep ğŸŒ™âœ¨,3247,Negative,https://www.youtube.com/watch?v=TlNcqySQ_IA,2301064
156,156,Baby Classical âœ¨ MOZART FOR BABIESâœ¨ Piano Music for Babies,3984,Positive,https://www.youtube.com/watch?v=ioptX-Po0XQ,759121
157,157,Twinkle Twinkle Little Star! | Calming Sensory Animation | Baby Songs â€“ Fall Asleep ğŸŒ™âœ¨,1317,Negative,https://www.youtube.com/watch?v=wdmP_zQv0wA,889428
159,159,ìì¥ê°€ì—°ì†ë“£ê¸°â–¶í–‰ë³µí•œ ìì¥ê°€ - ìš°ëŠ”ì•„ì´ ì¬ìš°ëŠ” ì˜¤ë¥´ê³¨ ìì¥ê°€,309,Positive,https://www.youtube.com/watch?v=R1IZFpaL9hQ,89181
160,160,ì•„ê¸° ë°±ìƒ‰ ì¡ìŒ,635,Positive,https://www.youtube.com/watch?v=dlFXIXgfPgI,795999
161,161,[Original] ì‹ ìƒì•„ ìì¥ê°€ ì—„ë§ˆë±ƒì† ì†Œë¦¬ + ì‰¬~ì†Œë¦¬ ë°±ìƒ‰ì†ŒìŒ (10ì‹œê°„) | ìê¶ì†Œë¦¬ ASMRê³¼ ê·¸ë¦¼ì˜ìƒ,2304,Neutral,https://www.youtube.com/watch?v=45hNlG3JtpQ,1305394
162,162,"ì‹ ìƒì•„ ë°±ìƒ‰ì†ŒìŒğŸµì§„ê³µì²­ì†Œê¸°ì†Œë¦¬ 10ì‹œê°„ ê´‘ê³ XğŸ§ì•„ê¸°ì¬ìš°ê¸°, Vacuum cleaner Sound, White Noise by íë§ë©”ì´íŠ¸",424,Negative,https://www.youtube.com/watch?v=B09tr3P80TQ,143494
163,163,"ìê¶ ì†Œë¦¬ (ë°±ìƒ‰ ì†ŒìŒ) - White noise (Womb sounds) ì•„ê¸° ìˆ˜ë©´, ì•„ê¸° ì¬ìš¸ ë•Œ 3ì‹œê°„ ì†Œë¦¬",1706,Positive,https://www.youtube.com/watch?v=kTPnd1bMNVA,474859
164,164,ì‹ ìƒì•„ ì¬ìš°ê¸° ë°±ìƒ‰ì†ŒìŒ ì‰¬~ì†Œë¦¬ (10ì‹œê°„ ì—°ì†ì¬ìƒ) white noise,9759,Negative,https://www.youtube.com/watch?v=NBY6JusOJvU,3604202
165,165,ì‹œë„ëŸ½ì§€ ì•Šì€ ì§„ê³µì²­ì†Œê¸° ì†Œë¦¬ğŸ§ Â· ì•„ê¸° ìˆ˜ë©´êµìœ¡ [4ì‹œê°„] ë°±ìƒ‰ì†ŒìŒ I Vacuum cleaner ASMR,764,Neutral,https://www.youtube.com/watch?v=jjt-3horid8,292682
166,166,"ì‹ ìƒì•„ì¬ìš°ê¸° - ìš°ëŠ” ì•„ê¸° ê¿€ì ìëŠ”!ğŸ˜´ ì‰¬~ì†Œë¦¬+ì‹¬ì¥ì†Œë¦¬+ë¹—ì†Œë¦¬ 10ì‹œê°„!, 5ë¶„ë’¤ í™”ë©´êº¼ì§, íƒœì•„ê°€ ëŠë¼ëŠ” ì—„ë§ˆë±ƒì† ì†Œë¦¬ ì¬í˜„! ì‹ ìƒì•„ ì•ˆì •, ë°±ìƒ‰ì†ŒìŒ, ìˆ˜ë©´ìŒì•…, ìˆ˜ë©´ë°œë‹¬ìœ ë„",280,Negative,https://www.youtube.com/watch?v=yBcLdSlxspk,96848
167,167,"ì‹ ìƒì•„ì¬ìš°ê¸° - ìš¸ë˜ ì•„ì´ë„ ëš ê·¸ì¹˜ëŠ”! ì‰¬~ì†Œë¦¬+ì‹¬ì¥ì†Œë¦¬+ë¬¼ì†Œë¦¬ 10ì‹œê°„!, 5ë¶„ë’¤ í™”ë©´êº¼ì§, ì—„ë§ˆë±ƒì† ì†Œë¦¬ ì¬í˜„! ì‹ ìƒì•„ ì•ˆì •, ë°±ìƒ‰ì†ŒìŒ, ìˆ˜ë©´ìŒì•…, ìˆ˜ë©´ë°œë‹¬ìœ ë„",511,Neutral,https://www.youtube.com/watch?v=u-prt7YSDUo,156535
168,168,"[ë˜‘ê²Œìœ¡ì•„ ë°±ìƒ‰ì†ŒìŒ] ì§„ì • ì‰¬~ì†Œë¦¬, ë˜‘ê²Œ ì§„ì • ì‚¬ìš´ë“œ 12ì‹œê°„ [ë°¤ì /ë‚®ì  ìš©] ì´ì œ ì¬ìš°ëŠ” ê²ƒ ë¬¸ì œì—†ë‹¤!",1185,Negative,https://www.youtube.com/watch?v=J-z8ugU3Pco,318410
169,169,"ëª¸ì˜ ê¸´ì¥ì„ í’€ì–´ì£¼ëŠ” íë§ìŒì•… + ë¬¼ì†Œë¦¬ ğŸµ ë§ˆì‚¬ì§€ìŒì•…, ìŠ¤íŒŒìŒì•…, íœ´ì‹ìŒì•…, ìˆ˜ë©´ìœ ë„ìŒì•…",60795,Neutral,https://www.youtube.com/watch?v=mWASFFB8YFY,9559431
170,170,ì•„ê¸°ë¥¼ ìœ„í•œ ëª¨ì°¨ë¥´íŠ¸  ì§€ëŠ¥ì˜ ìê·¹  ìì¥ê°€ #178,12535,Neutral,https://www.youtube.com/watch?v=1UpD5hCC-sA,3072027
171,171,"10ì‹œê°„ ì”ì”í•œ ìˆ˜ë©´ìŒì•… ğŸµ ìŠ¤íŠ¸ë ˆìŠ¤ í•´ì†ŒìŒì•…, ì ì˜ë•Œ ë“£ëŠ” ìŒì•…, ë¶ˆë©´ì¦ì¹˜ë£ŒìŒì•…, ìˆ˜ë©´ìœ ë„ìŒì•… (My Dream)",549221,Positive,https://www.youtube.com/watch?v=p2fxv3PAtLU,102010362
172,172,"3ì‹œê°„ í¬ê·¼í•œ ìˆ˜ë©´ìŒì•… + í’€ë²Œë ˆì†Œë¦¬ ğŸµ ìŠ¤íŠ¸ë ˆìŠ¤í•´ì†ŒìŒì•…, ì ì˜ë•Œë“£ëŠ”ìŒì•…, íë§ìŒì•…, ì ì˜¤ëŠ”ìŒì•… (Nostalgia)",40179,Negative,https://www.youtube.com/watch?v=LGbaC4a_n7o,5693480
174,174,"ğŸ‹ì£¼ì˜ë ¥ ê²°í•,ê³¼ì‰ í–‰ë™ ì¥ì• ë¥¼ ì§„ì •ì‹œí‚¤ëŠ” ì£¼íŒŒìˆ˜ íë§ ìŒì•…ã…£ì£¼ì˜ë ¥ í–¥ìƒã…£ìŠ¤íŠ¸ë ˆìŠ¤ ê°ì†Œã…£ì •í™•ì„± í–¥ìƒã…£Frequency healing music for ADD / ADHD",522,Neutral,https://www.youtube.com/watch?v=KsnmaFMj8NI,55362
175,175,"[á„‰á…¥á†·á„Œá…µá†¸á„‹á…¡á„€á…µ] 3ì‹œê°„ ì—°ì†ì¬ìƒ, ë§ˆìŒì´ ë”°ëœ»í•´ì§€ëŠ” í”¼ì•„ë…¸ ìì¥ê°€ ìŒì•…, ì¤‘ê°„ê´‘ê³  x",788,Neutral,https://www.youtube.com/watch?v=05GuW4tiNM4,299550
176,176,"ëª¨ì°¨ë¥´íŠ¸ ìµœê³ ì˜ 100ë¶„ ğŸ”´The Best of Mozart 100 - Relaxing Music, Studying Music, ì•„ì¹¨ì— ë“£ê¸° ì¢‹ì€ ìŒì•…,ê³µë¶€í• ë•Œ,ì—°ì†ë“£ê¸°,í´ë˜ì‹ëª…ê³¡",495,Positive,https://www.youtube.com/watch?v=6hDNU8z-H6o,58434
177,177,[3~4ì„¸ ë§ì¶¤ ì•„ê¸° ë™ìš” ëª¨ìŒğŸ‘¶] ì¸ê¸° ì•„ê¸° ë™ìš” ëª¨ìŒ ì—°ì†ë“£ê¸°â­ï¸ | ëŒ„ìŠ¤ ë™ìš” | ì–´ë¦°ì´ë™ìš” | ì•„ê¸°ë™ìš” | ìœ¨ë™ë™ìš” | í‹°ë””í‚¤ì¦ˆâ˜…ì§€ë‹ˆí‚¤ì¦ˆ,2629,Positive,https://www.youtube.com/watch?v=A0IM6ETPsx8,1107521
178,178,ìœ ì•„ë™ìš” ëª¨ìŒ ì–´ë¦°ì´ë™ìš” ì—°ì†ë“£ê¸° [íë¦¬ë™ìš”ëª¨ìŒ],30027,Neutral,https://www.youtube.com/watch?v=lPa8DmpHJ9o,10176685
179,179,#í‚¤ì¦ˆì¹´í˜ ì—ì„œ í‹€ê¸° ì¢‹ì€ ë™ìš” ëª¨ìŒì§‘ 2íƒ„ (+3ì‹œê°„) | ë½€ë¡œë¡œ ë™ìš” ì—°ì†ë“£ê¸° | ë°”ë‚˜ë‚˜ì°¨ì°¨ | ë½€ë¡œë¡œ ì¸ê¸° ë™ìš” ëª¨ìŒ | ë½€ë¡œë¡œì™€ë…¸ë˜í•´ìš”,2553,Negative,https://www.youtube.com/watch?v=FVciqN4Iyes,1160109
180,180,ğŸë™ìš”ì—°ì†ë“£ê¸°ğŸŒ ì¸ê¸°ë™ìš” ëª¨ìŒ | 120ë¶„ ì—°ì†ì¬ìƒ | ë™ë¬¼ë™ìš” | ê´‘ê³ ì—†ëŠ” | ë˜‘ë˜‘í‚¤ì¦ˆ | ìœ ì¹˜ì›ë™ìš” | ì–´ë¦°ì´ë™ìš”ã…£Educational Songs for Children,5049,Neutral,https://www.youtube.com/watch?v=9-EhsrMaB1Y,1343132
181,181,ì°¨ì—ì„œ ë“£ê¸° ì¢‹ì€ ë™ìš” ëª¨ìŒì§‘ 2íƒ„ (+3ì‹œê°„) | ë“œë¼ì´ë¸Œ ë™ìš” | ë½€ë¡œë¡œ ë™ìš” ì—°ì† ë“£ê¸° | ë½€ë¡œë¡œ ì¸ê¸° ë™ìš” | ë½€ë¡œë¡œì™€ë…¸ë˜í•´ìš”,856,Negative,https://www.youtube.com/watch?v=b039cdag7qQ,296851
182,182,ğŸ˜ì—„ë§ˆì™€í•¨ê»˜ë“£ëŠ” ìœ ì¹˜ì› ì¸ê¸°ë™ìš”ğŸ’–ì¸ê¸°ë™ìš”ëª¨ìŒğŸ˜ê´‘ê³ ì—†ëŠ”ğŸ˜ìœ ì¹˜ì›ë™ìš”ğŸ’—ì–´ë¦°ì´ë™ìš”ğŸµì†¡ì†¡í‚¤ì¦ˆğŸ™‚ë™ìš”ì—°ì†ë“£ê¸°ğŸ˜ìœ¨ë™ë™ìš”ğŸ˜90ë¶„ì—°ì†ì¬ìƒğŸ˜,491,Neutral,https://www.youtube.com/watch?v=HTXW_c3O1ug,112385
183,183,âœ¨ BEST ë§ˆë”êµ¬ìŠ¤ ì¸ê¸° ì˜ì–´ë™ìš” ëª¨ìŒ ğŸµ | 1ì‹œê°„+ ì—°ì†ì¬ìƒ | Itsy Bitsy Spiderì™¸ 25ê³¡ | ì–´ë¦°ì´ë¥¼ ìœ„í•œ Nursery Rhymes ëª¨ìŒì§‘ | ë“œë˜ê³¤ë”” ë™ìš”,7564,Neutral,https://www.youtube.com/watch?v=vuMKtqs71qM,2360468
185,185,"""ë²„ë¦‡ì—†ëŠ” ìš°ë¦¬ ì•„ì´ê°€ ë‹¬ë¼ì¡Œì–´ìš”!"" ì–´ì‚¬ ë°•ë¬¸ìˆ˜ ë“± 2í¸ğŸŒ›ì¤‘ê°„ê´‘ê³  ì—†ëŠ” ì˜›ë‚ ì´ì•¼ê¸° 1ì‹œê°„ ì—°ì† /ì„¤í™”, ë¯¼ë‹´/ì˜¤ë””ì˜¤ë¶",1123,Neutral,https://www.youtube.com/watch?v=UXh8Y_k6M8w,19667
208,208,Baby Crying Sound Effect [1 Hour] Loud Cry,11141,Negative,https://www.youtube.com/watch?v=Rwj1_eWltJQ,2161412
209,209,Baby White Noise Sleep Sounds to Soothe Crying Infant ğŸ‘¶ 12 Hours,37283,Positive,https://www.youtube.com/watch?v=dhaozFzF4bg,14675158
215,215,Bebe Ay! Bebefinn Song and More to Sing Alongã…£ Song Compilationã…£Nursery Rhymes for Kids,63003,Negative,https://www.youtube.com/watch?v=R0zwyX2La5w,37479642
216,216,Baby Sleep Music â™« Overcome Insomnia â™¥ Mozart Brahms Lullaby - Sleep Instantly Within 3 Minutes,2369,Neutral,https://www.youtube.com/watch?v=-CojcF3sBKo,575890
219,219,TALENTED Kids that CRY in their Blind Audition! ğŸ˜­ | Top 6,2250,Negative,https://www.youtube.com/watch?v=x-38HLFQOp4,1939144
223,223,Baby Don't Cry & More | Kids Songs and Nursery Rhymes | The Mik Maks,30327,Negative,https://www.youtube.com/watch?v=MpeRgGR3c_Q,17427384
225,225,Why Babies Cry +More | Eli Kids Songs & Nursery Rhymes Compilations,18101,Negative,https://www.youtube.com/watch?v=gzJw66cqjYQ,5727634
228,228,Baby Don't Cry + MORE | Kids Funny Songs,68401,Negative,https://www.youtube.com/watch?v=gZ62x5oa5FU,31818423
236,236,Rain Rain Go Away | Animal Version | Newborn Baby Songs & Nursery Rhymes,268999,Positive,https://www.youtube.com/watch?v=d7sHFcthZJQ,100035475
239,239,"The Aviary Village, Step 2 - Sky: Children of The Light ASMR/Ambience Non-Stop Music",750,Neutral,https://www.youtube.com/watch?v=yGJenKbrw-M,19518
240,240,ASMR Sleep Like a Baby! 100+ Triggers Collection For Sleep (ASMR No Talking),322155,Neutral,https://www.youtube.com/watch?v=b1XxYxOCyJc,21575452
242,242,Baby Sleep Music â™«  Lullaby for Babies To Go To Sleep - Calming Bedtime Video,6856,Negative,https://www.youtube.com/watch?v=rPOB4MbjQmo,3621693
243,243,Satisfying Baby Sleep Video - Ambient Sleep Music - Soothing Animation with Music! â€“ Bedtime SongsğŸŒ™âœ¨,6122,Negative,https://www.youtube.com/watch?v=IAJQPI-Uvpg,1450644
249,249,1 HOUR Brahms Lullaby â™«â™«â™« Soothing Music For Babies To Go To Sleep,229099,Negative,https://www.youtube.com/watch?v=iXC3dxZw-2A,48618747
250,250,Piano Music for a Deep Sleep In 3 Minutes ğŸŒ™ Sleeping Music for Deep Sleeping ğŸ’¤ Relaxing Music Sleep,8001,Negative,https://www.youtube.com/watch?v=jkNKDcp-TVQ,691319
251,251,LullabÑƒ and Calming Undersea Animation ğŸŸ Soothing fishes ğŸŸ Baby sleep music ğŸ’¤,16392,Negative,https://www.youtube.com/watch?v=bGl_aGFWaoY,9217630
252,252,Baby Lullaby. Soothing fishes.Calming Undersea Animation. Aquarium ğŸŸ ğŸ’¤,15138,Negative,https://www.youtube.com/watch?v=fYDari9-suw,6333447
253,253,Baby Lullaby and Soothing Sea Waves Sounds â™«â¤ Baby Sleep Music â™«â¤,127115,Negative,https://www.youtube.com/watch?v=XP5B0Bp_4pU,31632177
255,255,Lullaby. Calming Undersea Animation.  Aquarium . Soothing fishes ğŸŸ Baby Sleep Music.,3762,Negative,https://www.youtube.com/watch?v=guXyB0GjJFo,2292651
256,256,SUPER SOOTHING MAGIC LULLABY: The Best Bedtime Music To Help Your Baby Fall Asleep Faster,1336,Negative,https://www.youtube.com/watch?v=olZ0-QSw7As,584147
257,257,Bedtime Lullaby and  Soothing Fish Animation ğŸŸ Baby Lullaby ğŸ’¤ Baby Sleep Music â™«,3504,Negative,https://www.youtube.com/watch?v=sQhz3s5pEdY,1769776
258,258,Soothing Bedtime Lullabies for Babies - Relaxing Sleep Music - Leigha Marina,259,Negative,https://www.youtube.com/watch?v=oSZJTNUY-2E,90112
259,259,Lullaby for Baby Fall Asleep in 3 Minutes â™«â™« Soothing Bedtime Lullabies For Baby Growth â™« Good Night,619,Neutral,https://www.youtube.com/watch?v=ISkT3kkxaqw,2365448
260,260,Moon and Stars Lullaby for Babies | Soothing Voice & Relaxing Sleep Music,2938,Negative,https://www.youtube.com/watch?v=fUKVtE80_gU,336244
261,261,LullabÑƒ and Calming Undersea Animation. Lullaby Aquarium . Soothing fishes. Baby Sleep Music.,28848,Negative,https://www.youtube.com/watch?v=mvhrlhWn5xE,11952345
262,262,Baby Fall Asleep In 3 Minutes With Soothing Lullabies ğŸµ 3 Hour Baby Sleep Music #104,3526,Neutral,https://www.youtube.com/watch?v=EWDQn2_ZaFY,1121748
264,264,ğŸƒNighttime Relaxing Music for Baby & Parents - Soothing Sounds for a Peaceful Sleep,1342,Negative,https://www.youtube.com/watch?v=1BdtUUTgWVo,138629
265,265,Naptime Music for Babies | Lullaby Time: Soothing Sounds for Baby | Baby Einstein,5189,Positive,https://www.youtube.com/watch?v=o_2VX8xeyuk,3807303
266,266,"JhenÃ© Aiko Sleep Soul: Soothing & Relaxing R&B Baby Sleep Music, Sounds and Lullabies (Volume 2)",13809,Positive,https://www.youtube.com/watch?v=fqWnImVPHCc,952363
267,267,Gentle Autumn Lullabies ğŸ‚ğŸ AUTUMN IS HERE ğŸğŸ‚ Soothing Sleep Music for Babies for Fall Evenings ğŸ˜´,432,Negative,https://www.youtube.com/watch?v=B5Ed7LY84Io,93105
268,268,Soothing Cartoons and Bedtime Songs for Kids : Dreamy Lullabies with Beadies LIVE,570,Neutral,https://www.youtube.com/watch?v=c98TTcHUl9E,213079
269,269,Twinkle Twinkle Little Star | Baby Lullabies & Sleep Songs | Calming Music for Babies - White Noise,1028,Negative,https://www.youtube.com/watch?v=WVgtT1p1Vxo,574012
270,270,10-Hour Super Relaxing Baby Lullaby Music - Sensory Sleep Music - Baby â€“ Calming Bedtime Songs  ğŸŒ™âœ¨,9610,Negative,https://www.youtube.com/watch?v=7Pp3mX27QVo,5041669
271,271,ğŸ’¤ Best Lullabies for the Littlest Ones! lullabies for babies to go to sleep & lullabies for all ages,2678,Negative,https://www.youtube.com/watch?v=9M1HfrVSIqA,1467343
272,272,3 Hours Super Relaxing Baby Music ^â¤^ Bedtime Lullaby For Sweet Dreams â™«^â¤^â™« Sleep Music,3291,Negative,https://www.youtube.com/watch?v=azJlexJp1a8,1906943
273,273,Songs To Put A Baby To Sleep Lyrics â¤ï¸ Baby Lullaby for Bedtime Fisher Price 2 HOURS â¤ï¸,145621,Negative,https://www.youtube.com/watch?v=gYvyCkMZ_FY,58169119
274,274,Quiet Classroom Music For Children - Calming Sensory Bubbles - Morning music for class,10877,Negative,https://www.youtube.com/watch?v=9ekY8EvrZmM,7800310
275,275,"Quiet Music For Kids In The Classroom - swirling paint, mesmerizing patterns, sensory video for ADHD",887,Negative,https://www.youtube.com/watch?v=cHdK-eVJ-K0,447233
276,276,Relaxing Deep Sleep Music ğŸµ Fall Asleep Easy | Nap Time | Bedtime Music | Quiet Time,33407,Negative,https://www.youtube.com/watch?v=BPFbmMVdJRE,12575125
277,277,Relaxing Sleeping Music | Soothing Meditation Music | Stress Relieving & Calming Music ğŸ’,38005,Negative,https://www.youtube.com/watch?v=qk5xuWNFUvY,15859240
278,278,SEE INFOğŸ‘‡Relax Music for Stress Relief | Study & Background Music | Sleep Meditation Music ğŸ’œ 528Hz,56752,Negative,https://www.youtube.com/watch?v=qFZKK7K52uQ,20905622
280,280,Morning Relaxing Music For Children - Childhood Memories (Hayfield),9117,Negative,https://www.youtube.com/watch?v=U_gtzGSNcCI,6152124
281,281,528 Hz | Relax Music for Children | Stress Relief | Sleep Music | Meditation Music,6782,Negative,https://www.youtube.com/watch?v=8k-d52rfZso,1093083
282,282,12h Baby sleep white noise ğŸŒ™ Shh Next step ASMR ğŸ§ Rain sound + Silent music,581,Neutral,https://www.youtube.com/watch?v=KrKqZFYDJvw,317980
283,283,12ì‹œê°„ ëª¨ì§œë¥´íŠ¸ ìì¥ê°€ì™€ ë¹—ì†Œë¦¬ ASMR ì  ëª»ë“œëŠ” ìš°ë¦¬ ì•„ê¸° ê¹¨ì§€ì•Šê³  ê¹Šê²Œ ì¬ì›Œì£¼ëŠ” ìŒì•….,4659,Positive,https://www.youtube.com/watch?v=hygyKJdKSaI,2554789
284,284,[12ì‹œê°„] ì‰¬ì†Œë¦¬ + ë¹—ì†Œë¦¬ asmr | ì•„ê¸° ìˆ˜ë©´êµìœ¡ | ì²­ë ¥ ë³´í˜¸ ë°±ìƒ‰ì†ŒìŒ | ì—¬í–‰ ì˜ìƒ | ì¤‘ê°„ê´‘ê³  ì—†ìŒ,489,Neutral,https://www.youtube.com/watch?v=Hyp9C0aF8Ig,254618
285,285,ğŸ§ ğŸ’¤ ìµœìƒì˜ ìˆ™ë©´ì„ ê²½í—˜í•˜ì„¸ìš”. ê¹¸ ì—†ëŠ” ê¹Šì€ ì ì„ ë•ëŠ” ìˆ˜ë©´ë‹¨ê³„ë³„ ë‡ŒíŒŒ ë™ì¡°í™” ìˆ˜ë©´ ì‚¬ìš´ë“œ - 90ë¶„ ìˆ˜ë©´ì‚¬ì´í´ ë²„ì „ & ê¸°ìƒì•ŒëŒ 2íšŒ (ì—°êµ¬ ë…¼ë¬¸ ê¸°ë°˜),126754,Neutral,https://www.youtube.com/watch?v=NSNY8qDUKqw,19247764
286,286,[Original] ë¹—ì†Œë¦¬ asmr 10ì‹œê°„ + ì‰¬~ì†Œë¦¬ | ë¶ˆë©´ì¦ | ìˆ˜ë©´ìœ ë„ | ë°±ìƒ‰ì†ŒìŒ | ì•„ê¸°ì¬ìš°ëŠ” ì†Œë¦¬ì™€ ë“œë¼ì´ë¸Œ ì˜ìƒ,2429,Negative,https://www.youtube.com/watch?v=X8Aj4x53NWY,1295251
288,288,Hearing protection White Noise ğŸŒ™ Rain Piano ASMR | Newborn Baby Parents,4622,Neutral,https://www.youtube.com/watch?v=I7V7ENt8mE8,1177901
289,289,"ë¬¼ì†Œë¦¬ ìˆ˜ë©´ ë°±ìƒ‰ì†ŒìŒ ì„¸ë©´ëŒ€ë¬¼ì†Œë¦¬ ASMR 10ì‹œê°„ ì—°ì† ì¬ìƒ + ê²€ì€ í™”ë©´ (ì‹ ìƒì•„ ìˆ˜ë©´ ì•„ê¸° ê¿€ì  ì¬ìš°ê¸°) - ì†Œì†ŒASMR (baby sleep nap, whitenoise)",224,Negative,https://www.youtube.com/watch?v=Pnh60E0cEbs,64357
291,291,"ì•„ë¦„ë‹µê³  ì”ì”í•œ ë¦´ë™ì‹± í•œêµ­ í”¼ì•„ë…¸ ëª¨ìŒ 1ì‹œê°„ - ìˆ˜ë©´ìŒì•…, ìˆ™ë©´ìŒì•…, ìê¸° ì „ ë“£ê¸°ì¢‹ì€ í”¼ì•„ë…¸",2838,Negative,https://www.youtube.com/watch?v=7YaXYjBHfeg,686028
292,292,ë¸ŒëŒìŠ¤ ëŠë¦° í”¼ì•„ë…¸+ë¹—ì†Œë¦¬ ìì¥ê°€ 4ì‹œê°„(Brahms Slow Lullaby Piano+Rain Sound 4hr Play_Dark screen after 30minutes),734,Neutral,https://www.youtube.com/watch?v=q2oIF49omFo,300118
293,293,ì°¬ì–‘ìì¥ê°€ | ìš°ë¦¬ì•„ì´ì¶•ë³µì†¡ | CCM Lullaby | Deep Sleep Piano |â€‹â€‹â€‹ Bed Time | Baby Music,19394,Negative,https://www.youtube.com/watch?v=-2wnqzDBKrs,6784390
294,294,"3ì‹œê°„ ì”ì”í•œ ìˆ˜ë©´ìŒì•… + í’€ë²Œë ˆì†Œë¦¬ ğŸµ ìŠ¤íŠ¸ë ˆìŠ¤ í•´ì†ŒìŒì•…, ì ì˜ë•Œ ë“£ëŠ” ìŒì•…, ë¶ˆë©´ì¦ì¹˜ë£ŒìŒì•…, ìˆ˜ë©´ìœ ë„ìŒì•… (My Dream)",176591,Neutral,https://www.youtube.com/watch?v=6m0xbFKKPx0,25145904
295,295,ğŸ¥° ì•„ì´ê°€ ì¢‹ì•„í•˜ëŠ” íƒœêµìŒì•… ğŸ¤° / ì¹˜ìœ  ìŒì•… / ì‹¬ì‹  ì•ˆì • ìŒì•…,7421,Neutral,https://www.youtube.com/watch?v=-CFHFHu58oc,880957
296,296,ìš°ë¦¬ ì•„ì´ê°€ ì¢‹ì•„í•˜ëŠ” NCS ë…¸ë˜ ëª¨ìŒ,7827,Neutral,https://www.youtube.com/watch?v=NXMDMuA81-k,962374
297,297,ì‹ ìƒì•„ ìŒì•…ì€ ì§€ëŠ¥ì„ í–¥ìƒì‹œí‚µë‹ˆë‹¤ â™«â™«â™« Top 2022 ì‹ ìƒì•„ ìŒì•… - ì•„ê¸°ìì¥ê°€,2452,Neutral,https://www.youtube.com/watch?v=FdjE1rVbquw,443434
298,298,ë½€ë¡œë¡œì™€ë…¸ë˜í•´ìš” NEW1 ì „í¸ | 40ë¶„ ì´ì–´ë³´ê¸° ì´ì–´ë³´ê¸° | ìœ íŠœë¸Œ ìµœì´ˆê³µê°œ!,39341,Negative,https://www.youtube.com/watch?v=9uL1x8zV2vY,15350797
299,299,ì¸ê¸° í¬ë¦¬ìŠ¤ë§ˆìŠ¤ ìºë¡¤ ëª¨ìŒ 24ë¶„ğŸ„ | ìºë¡¤ ì—°ì†ë“£ê¸° | í¬ë¦¬ìŠ¤ë§ˆìŠ¤ ìºë¡¤ | ìºë¡¤ ë™ìš” | í†°í† ë¯¸ (TOMTOMI),13076,Negative,https://www.youtube.com/watch?v=BdaQGKA5nDo,4935797
306,306,"[2018 ì›ƒëŠ”ì•„ì´TV] ""á„Œá…¥á†«á„Œá…®á„€á…©á†¼á„‹á…§á†«making"" ë¬´ëŒ€ë’¤ ""ì´ˆ ë¦¬ì–¼""í•œ ëª¨ìŠµ!! ë³´ì‹œì£ ~!!",16073,Neutral,https://www.youtube.com/watch?v=JHBR1zAXG9U,5267173
307,307,5ë¶„ ì•ˆì— ì•„ê¸° ì¬ìš°ëŠ” #ë°±ìƒ‰ì†ŒìŒ (ë¹—ì†Œë¦¬+ì•„~)_ #ì•„ë‹¥ _ ì•„~í•˜ë©´ì„œ í† ë‹¥ì´ê¸° _ #ì•„ê¸°ì¬ìš°ëŠ”ë°©ë²•,1404,Negative,https://www.youtube.com/watch?v=AwIgL-aa2HI,658498
308,308,â™¥ê¸°ë¶„ì¢‹ê²Œ ì ë“œëŠ” ì˜¤ë¥´ê³¨ìì¥ê°€ 3ì‹œê°„â™¥ ì•„ê¸°ìì¥ê°€ ì•„ê°€ìˆ˜ë©´ìŒì•… ìš°ëŠ”ì•„ì´ ì¬ìš°ëŠ” ê¿€ì  ìˆ˜ë©´ìŒì•… ì‹ ìƒì•„ ìœ ì•„Baby Orgel Cradle Lullabies Sleep,881,Negative,https://www.youtube.com/watch?v=wmkNBnkkKwE,330921
309,309,#ì•„ê¸°ìì¥ê°€ ğŸ‘¼ğŸ» ì•„ê¸°ì™€ ì—„ë§ˆë¥¼ ìœ„í•œ ìˆ˜ë©´ìœ ë„ìŒì•… | ì˜¤ë¥´ê³¨ + í’€ë²Œë ˆ ì†Œë¦¬ | 10ì‹œê°„ | í™”ë©´ êº¼ì§,1875,Negative,https://www.youtube.com/watch?v=6_YF_NacikU,741991
310,310,"#ì•„ê¸°ìì¥ê°€ ğŸ¼ ìŠˆë§Œ, ìƒìƒ, ë°”íì˜ í´ë˜ì‹ ìŒì•… | ì˜¤ë¥´ê³¨ + í’€ë²Œë ˆ ì†Œë¦¬ | 10ì‹œê°„ | í™”ë©´ êº¼ì§",1003,Negative,https://www.youtube.com/watch?v=VAoAlNIDq0o,342310
311,311,"#ì•„ê¸°ìì¥ê°€ ğŸ¦„ ë™ìš” ver. í• ì•„ë²„ì§€ì˜ ë‚¡ì€ ì‹œê³„, ì†Œë‚˜ë¬´ì•¼, ëŒ€ë‹ˆë³´ì´ | ì˜¤ë¥´ê³¨ + í’€ë²Œë ˆ ì†Œë¦¬ | 10ì‹œê°„ | í™”ë©´ êº¼ì§",2520,Negative,https://www.youtube.com/watch?v=7g5r-Qs-nts,959207
312,312,í”¼ì•„ë…¸ ìì¥ê°€ ëª¨ìŒ | 23ê³¡ | ìì¥ê°€ ì—°ì†ë“£ê¸° | ì•„ê¸°ìì¥ê°€ | Lullaby | ìˆ˜ë©´ìŒì•… | íƒœêµìŒì•… | í”¼ì•„ë…¸ì—°ì£¼ê³¡ | ë³„í•˜ë‚˜ë™ìš” | í†°í† ë¯¸ (TOMTOMI),12163,Negative,https://www.youtube.com/watch?v=SV3Ph9OGVms,4852426
313,313,ìì¥ê°€ì—°ì†ë“£ê¸°â–¶ìì¥ê°€ - ìˆ™ë©´ì„ ìœ„í•œ ì”ì”í•œ ê°ì„± í”¼ì•„ë…¸ ì—°ì£¼ê³¡ ë² ìŠ¤íŠ¸ (ê´‘ê³ X) | Piano Music Playlist for Babies,18325,Negative,https://www.youtube.com/watch?v=ZgHxID6pKos,6414319
315,315,ë½€ë¡œë¡œ ìì¥ê°€ | 1ì‹œê°„ ì´ì–´ë“£ê¸° | ì¤‘ê°„ê´‘ê³  ì—†ëŠ” ìì¥ê°€ | ìš°ë¦¬ ì•„ê¸° ìˆ™ë©´ìœ ë„ | ë½€ë¡œë¡œì™€ë…¸ë˜í•´ìš”,4051,Negative,https://www.youtube.com/watch?v=7BZm3DsQnF4,1537352
316,316,ìì¥ê°€ì—°ì†ë“£ê¸°â–¶ë™ìš”ìì¥ê°€ - ì–´ë¦°ì´ ìì¥ê°€ ì–´ë¦°ì´ì§‘ì—ì„œ í‹€ì–´ì£¼ëŠ” EQë°œë‹¬ ê¸°ëŠ¥ì„±ìì¥ê°€ ë² ìŠ¤íŠ¸ ëª¨ìŒì§‘,2759,Neutral,https://www.youtube.com/watch?v=kVcz9HFiQEc,1319321
317,317,ì–´ë¦°ì´ì§‘ ìì¥ê°€ 1ìœ„ ìŒì•… ì•„ì´ë“¤ì´ ì¢‹ì•„í•˜ëŠ” ìˆ˜ë©´ ì·¨ì¹¨ ìŒì•… ê¿€ì  ìëŠ” ë§ˆì•½ê°™ì€ ë®¤ì§ì…ë‹ˆë‹¤.,207,Positive,https://www.youtube.com/watch?v=eRpzgo6iVUE,56876
318,318,ìì¥ê°€ ë¸ŒëŒìŠ¤ ì•„ê¸°ìˆ˜ë©´ìŒì•… â™« ìì¥ê°€ ì˜¤ë¥´ê³¨ ì–´ë¦°ì´ â™« ìˆ˜ë©´ìŒì•… ì—°ì†ë“£ê¸° â™« ì•„ê¸°ìì¥ê°€ë…¸ë˜ â™« ìœ ì•„ìì¥ê°€ ìˆ˜ë©´ìœ ë„ìŒì•…,707,Neutral,https://www.youtube.com/watch?v=YK-Odrqh-vE,240704
319,319,ìì¥ê°€ | í• ì•„ë²„ì§€ì˜ ë‚¡ì€ ì‹œê³„ | í”¼ì•„ë…¸+ì˜¤ë¥´ê³¨ | 60ë¶„ | ìˆ˜ë©´ìŒì•… | íƒœêµìŒì•… | 1ì‹œê°„ ì—°ì†ë“£ê¸° | lullaby | í†°í† ë¯¸ (TOMTOMI),5461,Negative,https://www.youtube.com/watch?v=5uagRdQTBZc,2113408
321,321,#ì„¬ì§‘ì•„ê¸° ğŸµ ë™ìš” ìì¥ê°€ | 10ì‹œê°„ | í”¼ì•„ë…¸ + ì˜¤ë¥´ê³¨ + í’€ë²Œë ˆ ì†Œë¦¬ | í™”ë©´ êº¼ì§,769,Neutral,https://www.youtube.com/watch?v=nGQ-NdEbocc,309665
322,322,ìì¥ê°€ | ë½€ë¡œë¡œ íƒ€ìš” ìì¥ê°€ 1ì‹œê°„ ì´ì–´ë“£ê¸° | ìš°ë¦¬ ì•„ì´ ê¿€ì ìëŠ” ìˆ˜ë©´ ìŒì•…,10390,Neutral,https://www.youtube.com/watch?v=31wneydup1o,4333402
323,323,"[ì„¬ì§‘ì•„ê¸° 10ì‹œê°„] ì ë“¤ ë•Œ ë“£ê¸° ì¢‹ì€ í”¼ì•„ë…¸ ì—°ì†ì¬ìƒ - ìˆ˜ë©´ìŒì•…, ìˆ™ë©´ìŒì•…",2352,Negative,https://www.youtube.com/watch?v=Esyu4kytg7g,958304
324,324,Happy Birthday - Happy Birthday Song - Happy Birthday To You +More Nursery Rhymes - Banana Cartoon,19570,Positive,https://www.youtube.com/watch?v=MgMiuAJePxY,12734518
325,325,Baby Blows Out the Candle | Happy Birthday to You + More Baby ChaCha Nursery Rhymes & Kids Songs,56897,Positive,https://www.youtube.com/watch?v=epLCibptZYE,13969870
326,326,10 Hours Super Relaxing Baby Music - Ambient Sleep Music - Bedtime Lullaby For Sweet Dreams,994,Negative,https://www.youtube.com/watch?v=PlyK2jXEmOM,806610
327,327,Instant Baby Sleep ğŸ’¤ Mozart Brahms Lullaby | Calming Music in 3 Minutes ğŸ’¤ Relaxing Baby Music,864,Negative,https://www.youtube.com/watch?v=gxhMBgu1t8A,172968
328,328,Classical Music for your Baby ğŸ’™ Songs for sleeping ğŸ’™ Baby Music,608,Positive,https://www.youtube.com/watch?v=IGKjcSoBvIA,194478
329,329,Relaxing Aquatic Music for Babies - 3 Hours - Baby Lullabies,6695,Positive,https://www.youtube.com/watch?v=Yws1iDqFEfE,1530079
330,330,2 Hours Super Relaxing Baby Music - Ambient Sleep Music - Bedtime Lullaby For Sweet Dreams,29343,Negative,https://www.youtube.com/watch?v=8A9iUsUsgow,6780918
331,331,"Bedtime Songs for Babies, Toddlers and Kids | Relaxing Music and Nursery Rhymes for Children",2080,Negative,https://www.youtube.com/watch?v=5ehFDbqUkPg,895541
332,332,Quiet Classroom Music For Children - Baby Animals - Relaxing music for elementary classroom,1571,Negative,https://www.youtube.com/watch?v=SQBNvKBnQnk,688099
333,333,Cute Baby Animals ğŸ» 4K - Relaxation Film with Peaceful Relaxing Music and Animals Video Ultra HD,18041,Negative,https://www.youtube.com/watch?v=RhOwyHWGqWg,7490046
334,334,"Baby Dance Songs | Eli Kids Baby Songs, Dances, Nursery Rhymes, Cartoons",306917,Positive,https://www.youtube.com/watch?v=CKQOmJSTIa8,55651414
336,336,Surprise Eggs Kids Songs | Leo Nursery Rhymes & Baby Songs,98130,Positive,https://www.youtube.com/watch?v=VUCSpCLg0PQ,34535636
338,338,My Friend Is a Superhero on Halloween | Funny Kids Songs ğŸ˜»ğŸ¨ğŸ°ğŸ¦ And Nursery Rhymes by Baby Zoo,9637,Positive,https://www.youtube.com/watch?v=qfDOdgn6zq8,14025173
339,339,Upbeat Kids Songs | Children's Song Collection | The Singing Walrus,10034,Neutral,https://www.youtube.com/watch?v=LuPdIl81llU,4783504
340,340,Safety Song | Traffic Safety Song | Escalator Safety Song | Coco Froco Kids Songs,20737,Negative,https://www.youtube.com/watch?v=fiCUBs8pd-Q,38232677
342,342,Boo Boo Bugs Song | Insects Version | Newborn Baby Songs & Nursery Rhymes,181569,Negative,https://www.youtube.com/watch?v=Ogdscl91WdA,62009466
343,343,Baby Got Lost On Halloween Song | Safety Tips Kids Songs And Nursery Rhymes by Yum Yum,4339,Negative,https://www.youtube.com/watch?v=VU7hGWqRlYs,1247670
